sample_id,ME_antiquewhite,ME_bisque,ME_blanchedalmond,ME_brown,ME_burlywood,ME_chocolate,ME_coral,ME_darkgrey,ME_darkorange,ME_darksalmon,ME_dimgrey,ME_firebrick,ME_gainsboro,ME_indianred,ME_lightsalmon,ME_linen,ME_maroon,ME_mistyrose,ME_navajowhite,ME_orangered,ME_peachpuff,ME_peru,ME_red,ME_saddlebrown,ME_sandybrown,ME_seashell,ME_sienna,ME_tan,ME_white
CTR_1,-0.375385996004514,-1.6373748540302864,1.0219088972346249,0.38747081247935095,-1.306192715039274,1.4341950231895924,0.5676100748012711,-10.19653195173305,1.226707474451726,-0.09765180212946699,14.115443658960833,1.3697597261278178,-2.7018344123533886,-0.917706281378765,0.7487214947390843,0.2703673243318857,0.09580356173350184,14.217256726043324,1.952416385298408,0.33638647940862426,3.1278169019165847,-0.0733633197018416,-0.3075370087293426,0.03755632768592946,1.6940457988737436,-1.1160490301007113,0.6465242986114966,0.787012501647351,-0.5493826322126382
CTR_2,-3.516172297330535,-0.4048515048782122,-0.6206452984954364,-1.454855976218505,-3.130497757884758,3.3043829166178624,1.077420003141956,-16.035923858629094,0.7887361689051265,-1.4967748068174034,18.687275470698275,2.184544793779573,-8.494629449126935,-0.2784267756071827,-3.8726489321123774,-1.7468190836740156,1.1503191191118798,3.4309015755096413,1.3697980137346488,-1.5816728397575437,-0.7037739296298134,4.412278212540439,2.5594473667825213,2.8617983297804455,-1.6608027847945432,1.9349026947297188,-5.278874684507973,3.7167571548678087,-11.175794904795168
CTR_3,-0.23697691267399087,3.9931951042437555,-3.561609264674058,0.6459618255644786,-3.2603108263937695,-8.150420244342532,-2.025751346728424,-17.803952931974305,0.20692398324343164,-2.0596463710381756,13.313162926274387,0.41947093353895953,-18.051464109010748,-0.7069329150086338,2.1472991769470147,0.8522995033596779,0.14908751719941993,13.363913670337084,-1.7827229237350735,-0.9682660973757516,-0.6019133037507848,-1.0727234161956805,-1.0932699101486953,1.0530366100962303,0.034980253057599546,1.646321615368719,-4.148310214128185,-0.32421390115188636,-7.387820414108227
MA1_1,1.869364737798858,-0.892133315364792,2.5135528087189276,0.35025669583983493,0.45326019268964507,-3.2561637093501457,1.1706042453614074,0.13991382325822563,1.5205273524450718,0.8784953477753662,13.866375207766058,0.6303189056651084,-5.6167437474373525,0.5481815708213361,-1.3007222150805555,4.2027594160322375,2.018891386679347,2.170700997803754,-1.0981858724192628,-5.99832692203089,3.3518343709249288,3.0299962959342794,1.3221478128226243,0.8879397599967334,-2.262799314865932,1.6503790178320266,2.2491963076547923,1.5954445283758378,-1.689926431938292
MA1_2,1.198301129228491,-1.2952834881220814,2.0053079520184864,2.453625034551155,2.719077237360152,2.0054030730747603,-2.5718768381444543,1.9768734101496177,-2.085860326262076,-2.18863040552477,9.789449794660579,0.7178138894549151,1.2811602613550195,-1.111218777202125,0.4703490679997952,-7.373488847228528,1.503278252967279,-2.0795877784401102,0.24874220647022643,-0.6549310261477623,-2.649666484809735,-6.092502414562917,2.3461850816255994,0.8449020160723009,-2.001848480004337,1.8846290152534657,2.0574513896876607,-3.4969129063788453,-1.1871309818669273
MA1_3,0.9260381623211487,1.330925837512588,-1.1218272277382118,3.073039720043648,1.582117265555085,-0.6146475978335179,2.6428387923966348,-0.9001201338324276,-0.24848374033798692,1.0877119095673426,0.7608114388110485,3.2920365518524166,9.772832024627192,2.9255187758237255,1.9344407156443606,2.0728742528376203,4.37658992828488,15.568094335437785,0.8537076744547167,-1.2485634725912744,3.5621821741740383,0.9619147483567217,-0.39898963054385217,0.8390325486607414,-0.909534650092922,0.5766424805866109,1.6533848421045034,1.5818689099641279,7.804055107945321
MB1_1,2.685035326372805,-3.073712512343848,2.233145045371228,0.9538191271364901,1.9357855711151095,0.36704666997989877,-1.4172397780442163,15.465637618372687,-2.447460348988623,1.7661537901304156,-6.363278216004612,1.774337309247845,-5.809133560077905,-0.15748977254655563,0.27497667249900726,0.1409125826400948,-0.7824638023351416,-1.4284185026312,0.4531291976925762,-2.904673084674359,1.8270227252515832,2.3391646100519097,-3.0244872979862842,1.3173647529533714,2.689577395542649,-0.5630969611836992,1.0957188048378175,-0.44459043752312316,2.270621780869986
MB1_2,1.7707224447502237,-0.8374420515474907,2.0054191320820984,-0.31238100850112466,2.0291682924290284,0.5910399735212306,-0.25473131771332963,2.248437122140815,-3.0139180709835056,1.3497267614376347,16.959831475142035,-1.8022625134581929,-22.48608048227884,-0.25407817797811877,-2.458815124052642,2.6151784566910248,2.7619889892519036,-9.724423263439684,-4.2290559882831475,-5.495518330062355,-4.143091555157119,0.9249279495828068,-3.773691523621576,1.0826479350245404,-2.1137123775488296,0.4187480846575497,1.161694557340043,2.4787399301290214,1.7378690940866217
MB1_3,-0.598551767304375,-2.808369789547775,-0.829307473526311,1.264366809290682,-8.053994835751773,0.6871767772139725,3.5290571247462728,13.948233316993035,-2.4262150221963363,0.46492866643977077,1.8091978322629365,-0.21662564065824605,-6.152399419101524,6.505571778008436,-4.047901851658038,-4.500704529224199,-49.82052358029797,-46.55635153354408,2.3509201877361385,-1.9279779015391243,-6.59075799986891,3.384719285528834,3.420061304116022,-7.484474164973948,-1.8752890272900868,2.432317448802677,-4.558596398633692,-4.166899181707829,-2.973162526706558
MC1_1,0.7433265906643144,-2.5418218538077073,0.0711661715284394,2.3945199086043907,-0.3125383294333132,0.934522703152993,1.8509928593773681,8.651558345840865,-1.6409258741439035,1.2035371971816895,-11.920314626796724,4.328824182547114,2.3861711353587762,3.580321572738576,-5.3237019142529975,3.0340880053909167,3.9017715303844365,-12.377232800588425,1.679671167504259,4.660327695351017,2.81752976155201,-4.473075355460678,2.0460367332614084,-6.149607749559662,0.5145032997242532,-0.020628791682119067,0.1685767331648739,0.9691423728336902,-3.0060327884785107
MC1_2,1.5193598636190315,3.404010315621762,-3.4875560358908184,-27.28962305930232,2.0521339028681194,-0.475295812677005,-1.8283759517475229,11.67696242605909,0.9076571120973077,1.5528109579688494,-29.795689839940046,1.6469506935913591,3.732841861651516,2.260108577610345,3.128410127166816,1.1151057420399908,3.059161871880643,-8.187187284135943,0.9947806228257385,-3.6952360764952727,-5.324645021588845,-3.598295403885325,-0.9949572908984815,2.5814503293464552,0.4096882445416163,2.6338811999778824,2.660481947777412,-4.735167261899046,2.8209957738057185
MC1_3,2.7421172881988545,-2.8776586578653527,-3.7357518178896623,0.9694958534495026,3.1020694498671406,-0.6038363472178805,-2.15559386075611,13.87907797273378,1.6570114167527608,2.752303266402314,-26.513290239233154,3.1190511880746503,6.7650017198405505,-34.149972095256196,0.2877502454638667,-6.889386563444115,3.1565507443764274,-12.144595389069963,-5.5671815037399615,-1.9626849904376018,-5.401166283982385,4.224492837042356,3.2288011333149322,-4.507598770524983,2.6096143629456385,-10.86450759726922,-3.0354348282753105,-3.8609952018030484,-6.90098080612043
MD1_1,0.8433076528524769,0.3394200357178366,1.8261310808076512,1.3911418290195696,1.8868182743422692,0.46259427495867833,-2.2973576936236926,18.511399581105564,-2.4455877368243524,2.998955481246414,-17.4962327819673,2.807650137715486,5.111531881359253,1.6931726251284438,1.342982033757182,2.0206507127127438,3.966127565135858,4.509657577513846,0.7663269265008678,1.635460738210401,5.059026156993824,-3.7162057052958297,-6.184605389094518,0.02049317897625544,2.915858841078343,1.6007121945474174,-2.2197306265473413,0.22742328275510432,5.728116907100846
MD1_2,-1.3277151331484647,-2.615180424939347,0.05149414561271313,2.5893655297723255,3.1433249916737984,2.2843835427408625,-1.7263741587987478,10.209983620736828,-0.6270246203214294,5.517801474038063,-9.438506291050356,0.9150330693036854,0.986259370081428,3.0147385824353683,-0.432365926052654,4.172893436705973,1.8263365807839178,-0.24641209613102066,0.4644426421834315,1.9192897219520735,3.399620387072268,2.7505110779456117,-3.621303043249848,0.5560921640059091,-2.0580067130091853,1.6241021373844695,-0.9303575621591107,1.704066855329581,8.472075853098277
MD1_3,1.6992418146608084,1.4962929950497508,-2.6837823436467225,2.95653136622916,0.8701437642635231,-1.6240870318829215,1.2090099462414226,7.494145109340718,-2.052130368261317,2.3907664447612094,-2.8391712494500005,3.49582146043162,2.8135968984348296,1.3833318976362254,1.9755892581591763,0.22797224869365976,4.226076155323393,5.576708243720378,0.6527788048877077,2.5552671162321174,4.008194739342751,-0.1989502751337684,-4.334989187975425,1.9496154225620825,-0.5071284690543043,1.1187703611158692,2.8667536726480125,0.21179082252247908,6.543778979821661
MA100_1,-4.010770635731963,3.722501615639321,-1.8781462511507683,2.6216087054553694,-0.2979227649434503,1.2895775228984403,2.5144677623760474,6.755626822710612,2.975592580361481,-0.8266381598841788,-38.756288421580194,-28.518884657966623,16.28812643315793,0.03699598902526183,2.0424839229112006,-3.5107073592399103,4.4636995679691,-9.07044160635328,-5.359115909023771,3.717683234809309,-2.646712195768462,2.472374897350648,4.2563643831245725,3.375318470311842,1.64925319434355,0.6952432641426141,-8.118222310615984,4.019069163455137,-2.1044316011409987
MA100_2,-3.815440166074537,0.3146056954163602,-2.5505825690418744,-2.521467701357895,0.503053619059595,-4.023386355016715,-1.8987844975345443,6.93444940737918,2.800646411105229,-1.7728378075662015,-11.697711925098883,-1.3114522576055225,8.600619766901508,1.1761998815550627,-0.11289501072415385,1.1159879137525328,-1.5540511304671845,-10.94359954598481,2.635503476371763,2.4371517480334046,-3.771278543945772,2.8503294559943164,3.469319212570001,0.2646904811153444,0.8775509603946091,1.6368211211351953,4.265091970705547,0.34978689463101226,-5.688389887397707
MA100_3,1.0046026991168375,-1.9093269421678298,2.3750083887914433,4.255049444645284,-0.3889065803892601,-0.4764042858917128,1.6300702781613514,6.183739208164578,2.4387895239563675,-15.186761329536905,-21.5654108100771,3.727981610660423,11.206882598168036,3.5374832036583075,0.7273901744806787,0.0674791800335909,0.16323694388500637,-4.066318584904625,2.8091917927825736,3.017049997737742,2.207767528834283,-9.820570677087073,2.371735594810058,-2.8029120999021018,3.051967648996332,-10.782210677963613,4.987382653266914,-0.6462854830505522,4.452201995664006
MB100_1,-3.868398001373291,3.2766901528448638,3.134046300017511,2.7711687929727753,-2.804373341009337,1.3811221098203532,1.7934532718011411,7.432725665666499,1.8735932832761302,-0.24742425406719112,-9.955436928462328,2.632009327622308,10.905208448889095,3.499627167702956,0.02967572551954857,0.28608369412153534,3.311312679741381,-1.4751362323821142,0.9690947589110647,-0.4349863008873681,1.3008209012975747,2.705979700101036,1.6456278024546032,-2.276765803570918,-1.4544239432221628,-0.12598842845607425,0.6105574382200558,0.32219802025579275,5.347831351794699
MB100_2,0.7905574949360491,-0.6993401364202573,1.7968247721872599,-2.014681766510738,-1.2657495289398732,0.7801999278777031,-2.519972019032851,-13.011826922605334,-0.031080409523054305,-0.09126293132831462,17.189633496590325,-2.666203359810077,-7.548904911468349,0.8124331983771832,0.4246929309352783,2.060484519951247,2.559724517070422,3.590247918689413,0.9072656097900553,0.1107649269227757,-2.605345729386354,-0.1420830227631959,-0.2826788277642268,0.5766942851195341,0.08332175011266371,-1.0549831287548306,0.9199083577084768,-3.056165178756215,0.0483258366847104
MB100_3,1.0293733181020068,0.4171633761803611,0.26520876053398457,2.3925523441392267,1.8092240278899712,0.7131272468049356,-0.21608877471348936,-16.16742644136084,1.3944116747383024,0.5125981147793585,21.329268580171757,-2.2490937835885365,-5.610452363014114,0.288658870065123,1.2471364851121325,-0.5638925631243239,0.35373692704320586,9.577381317260112,-2.6258698635366153,2.3893487018809823,-1.2010113650337448,-2.0468264649417818,-0.17785467256553283,2.403338914462947,-1.8099601003733348,1.329815376323036,1.1892064485793643,0.4140802136517056,-2.7885809986795347
MC100_1,0.5690158653610246,1.6121766406940166,2.1548067071344272,1.4512330129073456,-0.10704244487871742,0.9551552671925412,2.243726808279533,-22.438132225911755,-0.41405000532344355,0.5498788379227999,20.71426889837662,0.5828352829616652,4.18445372780422,2.0809773183271116,1.0657243649110835,-1.049343129143774,4.429653694942549,17.62794663854501,0.514618592372392,1.2146237812967449,-0.3199907072667565,1.248568666602101,1.6860232871046956,3.036859884728652,-1.7583677659693573,1.8143799004410044,0.6742194843233565,1.7647794765723543,0.06129414737135133
MC100_2,-1.1647394223027354,2.321738281948355,-2.4936401378614677,0.7952670861706072,-1.1246076752303797,0.8096778669971956,0.5262230120989988,-23.637195348101606,-0.7263104439889941,2.2438823084758677,21.474465870924277,1.7779022007529788,-0.5591028304838668,3.5399573020130237,1.1634852203465516,1.0725736948937357,3.5223071931788867,17.129847627976115,0.715397283976904,2.3376164935596,3.3028587073782174,-0.13032348838123078,-3.725949782760737,-0.25854900855469376,-0.06897383688629406,-0.14773948420099034,0.6158503487329883,0.3447619389734586,-1.1478677151979275
MC100_3,-0.4762140560385368,-0.6362245198339961,1.508828257876528,-0.12346438638059477,-0.03403978921953147,1.2246364881714114,-1.843327941946016,-11.317653636503673,0.368449985822092,-1.3019226902344778,16.332146679021616,1.3421809497592903,-1.0039408432762666,0.6925464840511182,-1.4620566426593629,0.3066313908903917,1.1613837861568554,11.5370479887688,0.32434671724436154,0.5418664066045092,1.994678765450617,0.05966180637826764,-0.431436146648543,-0.2089238138130015,1.9504857135002915,1.6775381873130268,0.4675273695042917,0.24430748630607477,1.3123348603997251
