module,corr_particle_size_um,pval_particle_size_um,padj_particle_size_um,significant_particle_size_um_padj005,significant_particle_size_um_padj010,corr_concentration_gL,pval_concentration_gL,padj_concentration_gL,significant_concentration_gL_padj005,significant_concentration_gL_padj010,corr_is_100nm,pval_is_100nm,padj_is_100nm,significant_is_100nm_padj005,significant_is_100nm_padj010
ME_antiquewhite,0.5715838264056975,0.0067914064350416675,0.06565026220540279,False,True,-0.2091118233212433,0.3629765735725227,0.8097169718156276,False,False,-0.5715838264056975,0.0067914064350416675,0.06565026220540279,False,True
ME_bisque,-0.4187203533398706,0.058865853919418155,0.2845182939438544,False,False,0.0688262973121112,0.7668939323017899,0.9280083521994594,False,False,0.41872035333987057,0.058865853919418155,0.2845182939438544,False,False
ME_blanchedalmond,-0.1308150512260208,0.571937401584174,0.7898183164733832,False,False,0.02696414183326943,0.9076370955520312,0.9582423822650649,False,False,0.1308150512260208,0.571937401584174,0.7898183164733832,False,False
ME_brown,-0.1438535110549066,0.5338743024784759,0.7898183164733832,False,False,0.25023425301377883,0.2739450906597494,0.7944407629132733,False,False,0.14385351105490662,0.5338743024784759,0.7898183164733832,False,False
ME_burlywood,0.2790750278645205,0.22053963120574743,0.5934073221723475,False,False,0.1860355183582419,0.4194335658720604,0.8109048940193166,False,False,-0.2790750278645205,0.22053963120574743,0.5934073221723475,False,False
ME_chocolate,-0.07497416276554783,0.7467016496823886,0.8818015346411064,False,False,-0.4008726761203259,0.07171192000619617,0.693215226726563,False,False,0.07497416276554783,0.7467016496823886,0.8818015346411064,False,False
ME_coral,-0.10092216938598202,0.6633603152749082,0.8364108323031452,False,False,0.11675877800700202,0.6142455930827259,0.8482439142570977,False,False,0.10092216938598202,0.6633603152749082,0.8364108323031452,False,False
ME_darkgrey,0.6222385633532055,0.002594925146939894,0.05919624370927216,False,True,0.2162595815785674,0.34642308453332965,0.8097169718156276,False,False,-0.6222385633532055,0.002594925146939894,0.05919624370927216,False,True
ME_darkorange,-0.5994001708496393,0.0040824995661567,0.05919624370927216,False,True,0.3208777181465471,0.15612220985743805,0.7944407629132733,False,False,0.5994001708496393,0.0040824995661567,0.05919624370927216,False,True
ME_darksalmon,0.443179478683182,0.044204316717334304,0.25638503696053894,False,False,-0.40296965705887283,0.07010201652741999,0.693215226726563,False,False,-0.443179478683182,0.044204316717334304,0.25638503696053894,False,False
ME_dimgrey,-0.18672027548836062,0.41769323927213586,0.7331959097856707,False,False,-0.25853727547844824,0.2578060662601495,0.7944407629132733,False,False,0.18672027548836057,0.41769323927213586,0.7331959097856707,False,False
ME_firebrick,0.33355206160875034,0.13950628612072016,0.5170760835223672,False,False,-0.28353954392295455,0.21293545843810455,0.7944407629132733,False,False,-0.3335520616087503,0.13950628612072044,0.5170760835223672,False,False
ME_gainsboro,-0.2764543534617769,0.22508553599640765,0.5934073221723475,False,False,0.42722392941343534,0.053400602374416205,0.693215226726563,False,False,0.2764543534617769,0.22508553599640765,0.5934073221723475,False,False
ME_indianred,-0.18198626724826264,0.4298044988398759,0.7331959097856707,False,False,0.14959383550002076,0.517498724889699,0.8433143434134183,False,False,0.1819862672482626,0.4298044988398759,0.7331959097856707,False,False
ME_lightsalmon,-0.22742060704539993,0.3214767025369403,0.717140336428559,False,False,0.25040771219501373,0.2736015913877295,0.7944407629132733,False,False,0.22742060704539993,0.3214767025369403,0.717140336428559,False,False
ME_linen,0.014907019782952238,0.9488644975212236,0.9488644975212236,False,False,-0.017534474961694545,0.9398660646360703,0.9582423822650649,False,False,-0.014907019782952294,0.9488644975212228,0.9488644975212228,False,False
ME_maroon,-0.1625053819002606,0.481561521185815,0.7758491174660352,False,False,0.12756830094983293,0.5815960989058058,0.8433143434134183,False,False,0.16250538190026062,0.481561521185815,0.7758491174660352,False,False
ME_mistyrose,-0.3310821963795144,0.1426416782130668,0.5170760835223672,False,False,0.03404845346542326,0.8835130315642923,0.9582423822650649,False,False,0.33108219637951436,0.1426416782130668,0.5170760835223672,False,False
ME_navajowhite,-0.06384664356689468,0.7833572240502589,0.8818015346411064,False,False,0.06848875780934661,0.7680069121650699,0.9280083521994594,False,False,0.06384664356689468,0.7833572240502589,0.8818015346411064,False,False
ME_orangered,-0.4805008217574674,0.027469413057900138,0.199153244669776,False,False,0.10601542038503428,0.6474066719312149,0.8533997039093288,False,False,0.4805008217574674,0.027469413057900138,0.199153244669776,False,False
ME_peachpuff,0.025959547921063517,0.9110648485646634,0.9436028788705442,False,False,0.18776188230872107,0.415053479790123,0.8109048940193166,False,False,-0.025959547921063475,0.9110648485646634,0.9436028788705442,False,False
ME_peru,0.038332932101149325,0.8689698524286342,0.9333379896455701,False,False,-0.1695744313524071,0.46242972116634296,0.8381538696139966,False,False,-0.03833293210114935,0.8689698524286342,0.9333379896455701,False,False
ME_red,-0.30282207342015754,0.18210039110768772,0.5867679269025493,False,False,0.2531249702161711,0.26825594355154064,0.7944407629132733,False,False,0.3028220734201575,0.18210039110768772,0.5867679269025493,False,False
ME_saddlebrown,-0.19671754597849295,0.3927340197515262,0.7331959097856707,False,False,0.23024739026016855,0.31533418448309225,0.8097169718156276,False,False,0.1967175459784929,0.3927340197515262,0.7331959097856707,False,False
ME_sandybrown,-0.13391058182017843,0.5627943763594143,0.7898183164733832,False,False,0.012170624636484093,0.9582423822650649,0.9582423822650649,False,False,0.1339105818201784,0.5627943763594143,0.7898183164733832,False,False
ME_seashell,0.10417657309919548,0.6531498166275864,0.8364108323031452,False,False,-0.03219722761841795,0.8898082557822404,0.9582423822650649,False,False,-0.10417657309919548,0.6531498166275864,0.8364108323031452,False,False
ME_sienna,-0.061670388142148674,0.7905806862299575,0.8818015346411064,False,False,0.14269676274282597,0.5372030187497541,0.8433143434134183,False,False,0.06167038814214866,0.7905806862299575,0.8818015346411064,False,False
ME_tan,-0.23217585588142028,0.31118461836982797,0.717140336428559,False,False,0.2786113242164133,0.2213395486877817,0.7944407629132733,False,False,0.23217585588142023,0.31118461836982797,0.717140336428559,False,False
ME_white,0.1986467889396642,0.38801513043167607,0.7331959097856707,False,False,0.1310379314243437,0.571276937627172,0.8433143434134183,False,False,-0.1986467889396642,0.38801513043167607,0.7331959097856707,False,False
