Gene_set,Term,P-value,Adjusted P-value,Old P-value,Old adjusted P-value,Odds Ratio,Combined Score,Genes,module,n_genes_input
GO_Biological_Process_2023,Negative Regulation Of Response To Stimulus (GO:0048585),0.00024874150227343614,0.029351497268265463,0,0,115.54285714285714,958.9013033154731,GGT7;WFS1,white,8
GO_Biological_Process_2023,Leukotriene D4 Biosynthetic Process (GO:1901750),0.0013137629457640326,0.03677117774347019,0,0,1738.0,11531.38630071142,GGT7,white,8
GO_Biological_Process_2023,Leukotriene D4 Metabolic Process (GO:1901748),0.0013137629457640326,0.03677117774347019,0,0,1738.0,11531.38630071142,GGT7,white,8
GO_Biological_Process_2023,Glutathione Catabolic Process (GO:0006751),0.0019700827461279096,0.03677117774347019,0,0,868.9285714285714,5413.146711725385,GGT7,white,8
GO_Biological_Process_2023,Lipid Oxidation (GO:0034440),0.0019700827461279096,0.03677117774347019,0,0,868.9285714285714,5413.146711725385,SAMD1,white,8
GO_Biological_Process_2023,Renal Water Homeostasis (GO:0003091),0.0032815931694294056,0.03677117774347019,0,0,434.39285714285717,2484.47791087801,WFS1,white,8
GO_Biological_Process_2023,Galactose Metabolic Process (GO:0006012),0.0032815931694294056,0.03677117774347019,0,0,434.39285714285717,2484.47791087801,GALK2,white,8
GO_Biological_Process_2023,Multicellular Organismal-Level Water Homeostasis (GO:0050891),0.003936783644285814,0.03677117774347019,0,0,347.48571428571427,1924.1643444007855,WFS1,white,8
GO_Biological_Process_2023,Alditol Metabolic Process (GO:0019400),0.003936783644285814,0.03677117774347019,0,0,347.48571428571427,1924.1643444007855,GALK2,white,8
GO_Biological_Process_2023,Foam Cell Differentiation (GO:0090077),0.003936783644285814,0.03677117774347019,0,0,347.48571428571427,1924.1643444007855,SAMD1,white,8
GO_Biological_Process_2023,ER Overload Response (GO:0006983),0.0045915976944460755,0.03677117774347019,0,0,289.54761904761904,1558.7874926529937,WFS1,white,8
GO_Biological_Process_2023,Regulation Of Response To Oxidative Stress (GO:1902882),0.0045915976944460755,0.03677117774347019,0,0,289.54761904761904,1558.7874926529937,GGT7,white,8
GO_Biological_Process_2023,Regulation Of Heterochromatin Formation (GO:0031445),0.0045915976944460755,0.03677117774347019,0,0,289.54761904761904,1558.7874926529937,SAMD1,white,8
GO_Biological_Process_2023,Leukotriene Biosynthetic Process (GO:0019370),0.0045915976944460755,0.03677117774347019,0,0,289.54761904761904,1558.7874926529937,GGT7,white,8
GO_Biological_Process_2023,Positive Regulation Of Protein Metabolic Process (GO:0051247),0.004674302255525872,0.03677117774347019,0,0,25.014583333333334,134.22013387097138,NDUFA13;WFS1,white,8
GO_Biological_Process_2023,Glycerol Metabolic Process (GO:0006071),0.006553782437669267,0.04637415248082346,0,0,192.984126984127,970.268789482197,GALK2,white,8
GO_Biological_Process_2023,Regulation Of Response To Endoplasmic Reticulum Stress (GO:1905897),0.007207092013932524,0.04637415248082346,0,0,173.67142857142858,856.6672731196794,WFS1,white,8
GO_Biological_Process_2023,Negative Regulation Of Endoplasmic Reticulum Unfolded Protein Response (GO:1900102),0.007860025844207365,0.04637415248082346,0,0,157.87012987012986,765.033184593906,WFS1,white,8
GO_Biological_Process_2023,Protein Insertion Into Mitochondrial Inner Membrane (GO:0045039),0.007860025844207365,0.04637415248082346,0,0,157.87012987012986,765.033184593906,NDUFA13,white,8
GO_Biological_Process_2023,Fatty Acid Derivative Biosynthetic Process (GO:1901570),0.007860025844207365,0.04637415248082346,0,0,157.87012987012986,765.033184593906,GGT7,white,8
GO_Biological_Process_2023,Regulation Of DNA Methylation-Dependent Heterochromatin Formation (GO:0090308),0.010468007006847899,0.05347383085607703,0,0,115.73333333333333,527.6782200615354,SAMD1,white,8
GO_Biological_Process_2023,Cellular Response To Interferon-Beta (GO:0035458),0.010468007006847899,0.05347383085607703,0,0,115.73333333333333,527.6782200615354,NDUFA13,white,8
GO_Biological_Process_2023,Negative Regulation Of DNA-templated Transcription (GO:0045892),0.011499735476509197,0.05347383085607703,0,0,8.795366795366796,39.27510570735958,NDUFA13;WFS1;SAMD1,white,8
GO_Biological_Process_2023,Positive Regulation Of Calcium Ion Transport (GO:0051928),0.0117697474811129,0.05347383085607703,0,0,102.10084033613445,453.5546821054679,WFS1,white,8
GO_Biological_Process_2023,Axoneme Assembly (GO:0035082),0.012420055801551972,0.05347383085607703,0,0,96.42063492063492,423.1364323732654,JHY,white,8
GO_Biological_Process_2023,Endoplasmic Reticulum Calcium Ion Homeostasis (GO:0032469),0.012420055801551972,0.05347383085607703,0,0,96.42063492063492,423.1364323732654,WFS1,white,8
GO_Biological_Process_2023,Negative Regulation Of Response To Endoplasmic Reticulum Stress (GO:1903573),0.013069989747505615,0.05347383085607703,0,0,91.33834586466165,396.17427847071696,WFS1,white,8
GO_Biological_Process_2023,Regulation Of Peptidase Activity (GO:0052547),0.013069989747505615,0.05347383085607703,0,0,91.33834586466165,396.17427847071696,NDUFA13,white,8
GO_Biological_Process_2023,Positive Regulation Of Peptidase Activity (GO:0010952),0.013719549495138024,0.05347383085607703,0,0,86.76428571428572,372.1262509836266,NDUFA13,white,8
GO_Biological_Process_2023,Response To Interferon-Beta (GO:0035456),0.01436873522543649,0.05347383085607703,0,0,82.62585034013605,350.5567446232434,NDUFA13,white,8
GO_Biological_Process_2023,Triglyceride Metabolic Process (GO:0006641),0.015665985343650383,0.05347383085607703,0,0,75.42857142857143,313.50101493585726,GALK2,white,8
GO_Biological_Process_2023,Positive Regulation Of Nitrogen Compound Metabolic Process (GO:0051173),0.015665985343650383,0.05347383085607703,0,0,75.42857142857143,313.50101493585726,WFS1,white,8
GO_Biological_Process_2023,Cellular Response To Retinoic Acid (GO:0071300),0.015665985343650383,0.05347383085607703,0,0,75.42857142857143,313.50101493585726,NDUFA13,white,8
GO_Biological_Process_2023,Negative Regulation Of Epithelial Cell Apoptotic Process (GO:1904036),0.016314050091684518,0.05347383085607703,0,0,72.2797619047619,297.48388136704966,WFS1,white,8
GO_Biological_Process_2023,Carbohydrate Derivative Biosynthetic Process (GO:1901137),0.016314050091684518,0.05347383085607703,0,0,72.2797619047619,297.48388136704966,GALK2,white,8
GO_Biological_Process_2023,Acylglycerol Metabolic Process (GO:0006639),0.016314050091684518,0.05347383085607703,0,0,72.2797619047619,297.48388136704966,GALK2,white,8
GO_Biological_Process_2023,Protein Insertion Into Mitochondrial Membrane (GO:0051204),0.016961741539368348,0.054094202747174726,0,0,69.38285714285715,282.8596829199887,NDUFA13,white,8
GO_Biological_Process_2023,Positive Regulation Of Monoatomic Ion Transport (GO:0043270),0.017609059869725063,0.05468076485861993,0,0,66.70879120879121,269.45960502538395,WFS1,white,8
GO_Biological_Process_2023,Hexose Metabolic Process (GO:0019318),0.0195487779496258,0.05766889495139612,0,0,59.793103448275865,235.27644486295804,GALK2,white,8
GO_Biological_Process_2023,Organophosphate Biosynthetic Process (GO:0090407),0.0195487779496258,0.05766889495139612,0,0,59.793103448275865,235.27644486295804,GALK2,white,8
GO_Biological_Process_2023,Microtubule Bundle Formation (GO:0001578),0.02148514447517237,0.061076252742145724,0,0,54.174107142857146,208.0498909610136,JHY,white,8
GO_Biological_Process_2023,Inner Mitochondrial Membrane Organization (GO:0007007),0.022129856041216076,0.061076252742145724,0,0,52.52813852813853,200.1756816598026,NDUFA13,white,8
GO_Biological_Process_2023,Response To Retinoic Acid (GO:0032526),0.022774195937749254,0.061076252742145724,0,0,50.97899159663866,192.80902774145105,NDUFA13,white,8
GO_Biological_Process_2023,Regulation Of Calcium Ion Transport (GO:0051924),0.022774195937749254,0.061076252742145724,0,0,50.97899159663866,192.80902774145105,WFS1,white,8
GO_Biological_Process_2023,Negative Regulation Of Cellular Process (GO:0048523),0.02425499455171864,0.06325715625570116,0,0,10.339473684210526,38.453874906275374,NDUFA13;WFS1,white,8
GO_Biological_Process_2023,Sensory Perception Of Light Stimulus (GO:0050953),0.025347842476073495,0.06325715625570116,0,0,45.597744360902254,167.5745221740668,WFS1,white,8
GO_Biological_Process_2023,Visual Perception (GO:0007601),0.025990326756674793,0.06325715625570116,0,0,44.42490842490842,162.15228661508718,WFS1,white,8
GO_Biological_Process_2023,Regulation Of Intrinsic Apoptotic Signaling Pathway (GO:2001242),0.026632440461919923,0.06325715625570116,0,0,43.31071428571428,157.02841887774125,NDUFA13,white,8
GO_Biological_Process_2023,Sensory Perception Of Mechanical Stimulus (GO:0050954),0.02727418377244974,0.06325715625570116,0,0,42.250871080139376,152.17980742715807,WFS1,white,8
GO_Biological_Process_2023,Sensory Perception Of Sound (GO:0007605),0.02727418377244974,0.06325715625570116,0,0,42.250871080139376,152.17980742715807,WFS1,white,8
GO_Biological_Process_2023,Renal System Development (GO:0072001),0.02791555686563292,0.06325715625570116,0,0,41.24149659863946,147.58562998503828,WFS1,white,8
GO_Biological_Process_2023,Negative Regulation Of Cell Death (GO:0060548),0.02855655993214069,0.06325715625570116,0,0,40.27906976744186,143.22707939589836,WFS1,white,8
GO_Biological_Process_2023,Positive Regulation Of Proteolysis (GO:0045862),0.029197193145202093,0.06325715625570116,0,0,39.36038961038961,139.0871278115194,NDUFA13,white,8
GO_Biological_Process_2023,Monoatomic Cation Homeostasis (GO:0055080),0.029837456692475398,0.06325715625570116,0,0,38.48253968253968,135.15032296921268,WFS1,white,8
GO_Biological_Process_2023,Negative Regulation Of Neuron Apoptotic Process (GO:0043524),0.0304773507547263,0.06325715625570116,0,0,37.642857142857146,131.402611742382,WFS1,white,8
GO_Biological_Process_2023,Positive Regulation Of Cysteine-Type Endopeptidase Activity (GO:2001056),0.03111687551238393,0.06325715625570116,0,0,36.838905775075986,127.83118671776376,NDUFA13,white,8
GO_Biological_Process_2023,Kidney Development (GO:0001822),0.03111687551238393,0.06325715625570116,0,0,36.838905775075986,127.83118671776376,WFS1,white,8
GO_Biological_Process_2023,Sulfur Compound Biosynthetic Process (GO:0044272),0.03239481784286169,0.06325715625570116,0,0,35.329446064139944,121.17140830612122,GGT7,white,8
GO_Biological_Process_2023,Negative Regulation Of Intrinsic Apoptotic Signaling Pathway (GO:2001243),0.03303323578037446,0.06325715625570116,0,0,34.62,118.06254617180312,NDUFA13,white,8
GO_Biological_Process_2023,Calcium Ion Homeostasis (GO:0055074),0.033671285138658955,0.06325715625570116,0,0,33.938375350140056,115.08875988910042,WFS1,white,8
GO_Biological_Process_2023,Proton Motive Force-Driven Mitochondrial ATP Synthesis (GO:0042776),0.033671285138658955,0.06325715625570116,0,0,33.938375350140056,115.08875988910042,NDUFA13,white,8
GO_Biological_Process_2023,NADH Dehydrogenase Complex Assembly (GO:0010257),0.03430896610478707,0.06325715625570116,0,0,33.282967032967036,112.24176582959657,NDUFA13,white,8
GO_Biological_Process_2023,Glucose Homeostasis (GO:0042593),0.03430896610478707,0.06325715625570116,0,0,33.282967032967036,112.24176582959657,WFS1,white,8
GO_Biological_Process_2023,Mitochondrial Respiratory Chain Complex I Assembly (GO:0032981),0.03430896610478707,0.06325715625570116,0,0,33.282967032967036,112.24176582959657,NDUFA13,white,8
GO_Biological_Process_2023,Protein Targeting To Mitochondrion (GO:0006626),0.036856009645786315,0.06520325275379636,0,0,30.895408163265305,101.9776041761377,NDUFA13,white,8
GO_Biological_Process_2023,Negative Regulation Of Neuron Death (GO:1901215),0.03749185135486956,0.06520325275379636,0,0,30.350877192982455,99.66110146669395,WFS1,white,8
GO_Biological_Process_2023,Positive Regulation Of Growth (GO:0045927),0.03812732576281313,0.06520325275379636,0,0,29.82512315270936,97.43342937984231,WFS1,white,8
GO_Biological_Process_2023,Aerobic Respiration (GO:0009060),0.03812732576281313,0.06520325275379636,0,0,29.82512315270936,97.43342937984231,NDUFA13,white,8
GO_Biological_Process_2023,Proton Motive Force-Driven ATP Synthesis (GO:0015986),0.03812732576281313,0.06520325275379636,0,0,29.82512315270936,97.43342937984231,NDUFA13,white,8
GO_Biological_Process_2023,Oxidative Phosphorylation (GO:0006119),0.039397173386840005,0.06547699238939607,0,0,28.826190476190476,93.22566435606616,NDUFA13,white,8
GO_Biological_Process_2023,Regulation Of Cysteine-Type Endopeptidase Activity Involved In Apoptotic Process (GO:0043281),0.039397173386840005,0.06547699238939607,0,0,28.826190476190476,93.22566435606616,NDUFA13,white,8
GO_Biological_Process_2023,Positive Regulation Of Catabolic Process (GO:0009896),0.04003154696428967,0.06560725752480807,0,0,28.35128805620609,91.23692461391384,NDUFA13,white,8
GO_Biological_Process_2023,Negative Regulation Of Apoptotic Signaling Pathway (GO:2001234),0.0406655539590189,0.06573336119403055,0,0,27.891705069124423,89.31966792022538,NDUFA13,white,8
GO_Biological_Process_2023,Ubiquitin-Dependent ERAD Pathway (GO:0030433),0.04193246893603913,0.06686528830341375,0,0,27.015625,85.68531833634849,WFS1,white,8
GO_Biological_Process_2023,Regulation Of Neuron Apoptotic Process (GO:0043523),0.04319791975699604,0.06796472708434043,0,0,26.192640692640694,82.29630632203907,WFS1,white,8
GO_Biological_Process_2023,Positive Regulation Of Protein Modification By Small Protein Conjugation Or Removal (GO:1903322),0.04572443473980043,0.07099320130653225,0,0,24.687755102040818,76.16474743013772,WFS1,white,8
GO_Biological_Process_2023,Positive Regulation Of Protein Catabolic Process (GO:0045732),0.04635515065867524,0.07103776334706076,0,0,24.338028169014084,74.75237627601128,NDUFA13,white,8
GO_Biological_Process_2023,Positive Regulation Of Protein Ubiquitination (GO:0031398),0.0476154883464143,0.07203368749842162,0,0,23.667318982387474,72.05745275600735,WFS1,white,8
GO_Biological_Process_2023,ERAD Pathway (GO:0036503),0.04887436838424231,0.07300222113089358,0,0,23.03238095238095,69.52329220390422,WFS1,white,8
GO_Biological_Process_2023,Regulation Of Protein Metabolic Process (GO:0051246),0.049503262244993004,0.07301731181136469,0,0,22.727443609022558,68.3122569775807,WFS1,white,8
GO_Biological_Process_2023,Protein Complex Oligomerization (GO:0051259),0.05013179222673142,0.07303149978709021,0,0,22.430426716141003,67.13650788848278,SAMD1,white,8
GO_Biological_Process_2023,Negative Regulation Of Transcription By RNA Polymerase II (GO:0000122),0.05094580338147016,0.07306897250036912,0,0,6.794376098418278,20.226809337629184,WFS1;SAMD1,white,8
GO_Biological_Process_2023,Cellular Respiration (GO:0045333),0.05201520076297463,0.07306897250036912,0,0,21.583928571428572,63.80682579726718,NDUFA13,white,8
GO_Biological_Process_2023,Intracellular Calcium Ion Homeostasis (GO:0006874),0.05201520076297463,0.07306897250036912,0,0,21.583928571428572,63.80682579726718,WFS1,white,8
GO_Biological_Process_2023,Protein Deubiquitination (GO:0016579),0.05326899040542132,0.07394288912970198,0,0,21.054006968641115,61.738789207404295,JOSD2,white,8
GO_Biological_Process_2023,Positive Regulation Of Cysteine-Type Endopeptidase Activity Involved In Apoptotic Process (GO:0043280),0.05389534095565238,0.07394288912970198,0,0,20.798623063683305,60.74677223087468,NDUFA13,white,8
GO_Biological_Process_2023,Protein Homooligomerization (GO:0051260),0.05452132888906797,0.07394288912970198,0,0,20.549319727891156,59.781326753506995,SAMD1,white,8
GO_Biological_Process_2023,Protein Modification By Small Protein Removal (GO:0070646),0.05514695439412315,0.07394288912970198,0,0,20.305882352941175,58.841446914977084,JOSD2,white,8
GO_Biological_Process_2023,Regulation Of Transcription By RNA Polymerase II (GO:0006357),0.055805218834790796,0.07394288912970198,0,0,4.577446808510638,13.20999829560996,WFS1;CCDC106;SAMD1,white,8
GO_Biological_Process_2023,Mitochondrial Respiratory Chain Complex Assembly (GO:0033108),0.0563971188277388,0.07394288912970198,0,0,19.835796387520524,57.03460337156383,NDUFA13,white,8
GO_Biological_Process_2023,Response To Endoplasmic Reticulum Stress (GO:0034976),0.060761304193189154,0.07783602099250739,0,0,18.348024316109424,51.389185710939856,WFS1,white,8
GO_Biological_Process_2023,Regulation Of Protein Catabolic Process (GO:0042176),0.062004965875387244,0.07783602099250739,0,0,17.96279761904762,49.94629170465891,NDUFA13,white,8
GO_Biological_Process_2023,Negative Regulation Of Growth (GO:0045926),0.062004965875387244,0.07783602099250739,0,0,17.96279761904762,49.94629170465891,NDUFA13,white,8
GO_Biological_Process_2023,Negative Regulation Of Cell Growth (GO:0030308),0.062004965875387244,0.07783602099250739,0,0,17.96279761904762,49.94629170465891,NDUFA13,white,8
GO_Biological_Process_2023,Regulation Of Protein Ubiquitination (GO:0031396),0.06324718644342861,0.07855966316131133,0,0,17.5932944606414,48.56988957071232,WFS1,white,8
GO_Biological_Process_2023,Negative Regulation Of DNA-binding Transcription Factor Activity (GO:0043433),0.06696521575038186,0.08231141102651104,0,0,16.570054945054945,44.79850166394012,WFS1,white,8
GO_Biological_Process_2023,Brain Development (GO:0007420),0.07190249916835362,0.08746901960686315,0,0,15.376275510204081,40.47718814414663,JHY,white,8
GO_Biological_Process_2023,Positive Regulation Of Hydrolase Activity (GO:0051345),0.07497667917446556,0.09027804227129527,0,0,14.713064713064712,38.115344084958465,NDUFA13,white,8
GO_Biological_Process_2023,Phosphate-Containing Compound Metabolic Process (GO:0006796),0.07926556153096438,0.09447814404700805,0,0,13.87442396313364,35.17099219062234,GALK2,white,8
GO_Biological_Process_2023,Cellular Response To Lipid (GO:0071396),0.08353703424887088,0.09857370041366763,0,0,13.125408942202835,32.58337121717295,NDUFA13,white,8
GO_Biological_Process_2023,Peptide Biosynthetic Process (GO:0043043),0.08536235095002341,0.09973027140695803,0,0,12.828358208955224,31.568666976188112,GGT7,white,8
GO_Biological_Process_2023,Regulation Of Programmed Cell Death (GO:0043067),0.08839747714388053,0.10226374806841082,0,0,12.361767728674204,29.988558805625402,WFS1,white,8
GO_Biological_Process_2023,Protein Stabilization (GO:0050821),0.10403850864517862,0.11918974776826288,0,0,10.391341991341992,23.515546375448068,WFS1,white,8
GO_Biological_Process_2023,Negative Regulation Of Intracellular Signal Transduction (GO:1902532),0.11058485081708483,0.12508326948050805,0,0,9.732954545454545,21.43169506039556,NDUFA13,white,8
GO_Biological_Process_2023,Regulation Of Cell Growth (GO:0001558),0.11236293699096486,0.12508326948050805,0,0,9.567438148443735,20.914622028744244,NDUFA13,white,8
GO_Biological_Process_2023,Central Nervous System Development (GO:0007417),0.11236293699096486,0.12508326948050805,0,0,9.567438148443735,20.914622028744244,JHY,white,8
GO_Biological_Process_2023,Cellular Component Assembly (GO:0022607),0.11354659910107189,0.12521961396192974,0,0,9.460142067876875,20.58093603091114,JHY,white,8
GO_Biological_Process_2023,Cellular Response To Cytokine Stimulus (GO:0071345),0.11531950270006906,0.12599723443155694,0,0,9.303571428571429,20.09616754239979,NDUFA13,white,8
GO_Biological_Process_2023,Cilium Assembly (GO:0060271),0.11649971407395328,0.12611895652042648,0,0,9.20199692780338,19.78306456268615,JHY,white,8
GO_Biological_Process_2023,Positive Regulation Of Macromolecule Metabolic Process (GO:0010604),0.1432670595532737,0.15368648206623908,0,0,7.349137931034483,14.27970454343429,WFS1,white,8
GO_Biological_Process_2023,Cellular Response To Oxygen-Containing Compound (GO:1901701),0.15468189716989653,0.16443661140583596,0,0,6.75453514739229,12.60656002255091,NDUFA13,white,8
GO_Biological_Process_2023,Proteasome-Mediated Ubiquitin-Dependent Protein Catabolic Process (GO:0043161),0.17211194854310607,0.18089043748328618,0,0,5.998990408884402,10.555884414820413,WFS1,white,8
GO_Biological_Process_2023,Negative Regulation Of Programmed Cell Death (GO:0043069),0.1732255884373842,0.18089043748328618,0,0,5.955889724310777,10.441630931734453,WFS1,white,8
GO_Biological_Process_2023,Negative Regulation Of Apoptotic Process (GO:0043066),0.2017239192225409,0.20880195147596342,0,0,5.014836795252226,8.028027826312549,WFS1,white,8
GO_Biological_Process_2023,Phosphorylation (GO:0016310),0.20495620664148673,0.21030289029300378,0,0,4.9246147438567265,7.805312207688486,GALK2,white,8
GO_Biological_Process_2023,Negative Regulation Of Nucleic Acid-Templated Transcription (GO:1903507),0.216710165402906,0.22044654756502505,0,0,4.619178082191781,7.063621540029037,NDUFA13,white,8
GO_Biological_Process_2023,Regulation Of DNA-templated Transcription (GO:0006355),0.22787073301416333,0.22981834611684848,0,0,2.6055555555555556,3.853556142932545,NDUFA13;CCDC106,white,8
GO_Biological_Process_2023,Regulation Of Apoptotic Process (GO:0042981),0.29819859979627966,0.29819859979627966,0,0,3.161596958174905,3.8255183204137246,WFS1,white,8
KEGG_2021_Human,Taurine and hypotaurine metabolism,0.003936783644285814,0.055114971020001395,0,0,347.48571428571427,1924.1643444007855,GGT7,white,8
KEGG_2021_Human,Glutathione metabolism,0.02470498743422796,0.1729349120395957,0,0,46.833976833976834,173.32084610578713,GGT7,white,8
KEGG_2021_Human,Retrograde endocannabinoid signaling,0.0563971188277388,0.172972933078603,0,0,19.835796387520524,57.03460337156383,NDUFA13,white,8
KEGG_2021_Human,Oxidative phosphorylation,0.06510781832858059,0.172972933078603,0,0,17.066478076379067,46.62067974456912,NDUFA13,white,8
KEGG_2021_Human,Non-alcoholic fatty liver disease,0.08414582697581999,0.172972933078603,0,0,13.024891774891774,32.23926356797335,NDUFA13,white,8
KEGG_2021_Human,Protein processing in endoplasmic reticulum,0.09504375217660736,0.172972933078603,0,0,11.444761904761904,26.9343080334702,WFS1,white,8
KEGG_2021_Human,Diabetic cardiomyopathy,0.10104898818839751,0.172972933078603,0,0,10.720535714285715,24.573074309719317,NDUFA13,white,8
KEGG_2021_Human,Thermogenesis,0.1159097807111274,0.172972933078603,0,0,9.252509652509653,19.938632230961932,NDUFA13,white,8
KEGG_2021_Human,Prion disease,0.123552095056145,0.172972933078603,0,0,8.635642135642136,18.057925548625008,NDUFA13,white,8
KEGG_2021_Human,Parkinson disease,0.123552095056145,0.172972933078603,0,0,8.635642135642136,18.057925548625008,NDUFA13,white,8
KEGG_2021_Human,Huntington disease,0.1472774995122166,0.18714975641551673,0,0,7.129707112970712,13.656502806913654,NDUFA13,white,8
KEGG_2021_Human,Alzheimer disease,0.1704390277370881,0.18714975641551673,0,0,6.064795918367347,10.730914378856506,NDUFA13,white,8
KEGG_2021_Human,Amyotrophic lateral sclerosis,0.17378191667155127,0.18714975641551673,0,0,5.934565434565434,10.385217222734843,NDUFA13,white,8
KEGG_2021_Human,Pathways of neurodegeneration,0.211386443413005,0.211386443413005,0,0,4.753319919517103,7.386979220965595,NDUFA13,white,8
